key,instantiation-moment,title,description,priority,is-critical,duration,link
objective-01,2022/07/01 00:00,Improve User Interface,Enhance user interface for better user experience,MUST,true,2022/09/01 00:00,https://example.com/objective-01
objective-02,2022/07/15 12:00,Optimize Database Queries,Optimize database queries for improved performance,SHOULD,false,2022/09/15 12:00,https://example.com/objective-02
objective-03,2022/07/30 00:00,Enhance Security Measures,Implement additional security measures to prevent unauthorized access,MUST,true,2022/09/30 00:00,https://example.com/objective-03
objective-04,2022/07/20 00:00,Implement New Feature X,Develop and integrate new feature X into the system,MUST,true,2022/09/20 00:00,https://example.com/objective-04
objective-05,2022/07/10 12:00,Update Documentation,Update system documentation to reflect recent changes,COULD,false,2022/09/10 12:00,https://example.com/objective-05
objective-06,2022/07/25 00:00,Improve Performance,Identify and address performance bottlenecks in the system,MUST,true,2022/09/25 00:00,https://example.com/objective-06
objective-07,2022/07/05 12:00,Enhance User Authentication,Implement multi-factor authentication for enhanced security,MUST,true,2022/09/05 12:00,https://example.com/objective-07
objective-08,2022/07/22 12:00,Update User Interface Design,Redesign user interface to follow modern design principles,SHOULD,false,2022/09/22 12:00,https://example.com/objective-08
objective-09,2022/07/03 00:00,Implement Feature Y,Develop and integrate feature Y based on customer feedback,COULD,true,2022/09/03 00:00,https://example.com/objective-09
objective-10,2022/07/12 12:00,Improve Error Handling,Implement better error handling mechanisms for improved reliability,SHOULD,false,2022/09/12 12:00,https://example.com/objective-10
